CO_MUNICIPIO;NO_MUNICIPIO;QTD_ESCOLAS;QTD_ESCOLAS_INFO_DESKTOPS;PCT_ESCOLAS_INFO_DESKTOPS;QTD_ESCOLAS_URBANAS;QTD_ESCOLAS_RURAIS;QTD_ESCOLAS_FEDERAIS;QTD_ESCOLAS_ESTADUAIS;QTD_ESCOLAS_MUNICIPAIS;QTD_ESCOLAS_ENSINO_MEDIO;PCT_ESCOLAS_ENSINO_MEDIO;PCT_ESCOLAS_AGUA_POTAVEL;PCT_ESCOLAS_ENERGIA_REDE_PUBLICA;PCT_ESCOLAS_ESGOTO_REDE_PUBLICA;PCT_ESCOLAS_COLETA_LIXO;PCT_ESCOLAS_BIBLIOTECA_LEITURA;PCT_ESCOLAS_LAB_CIENCIAS;PCT_ESCOLAS_LAB_INFORMATICA;PCT_ESCOLAS_QUADRA;PCT_ESCOLAS_REFEITORIO;PCT_ESCOLAS_INTERNET;PCT_ESCOLAS_INTERNET_ALUNOS;PCT_ESCOLAS_INTERNET_APRENDIZAGEM;PCT_ESCOLAS_BANDA_LARGA;PCT_ESCOLAS_BANHEIRO_PNE;PCT_ESCOLAS_SALA_ATENDIMENTO_ESPECIAL;PCT_ESCOLAS_RAMPAS;PCT_ESCOLAS_PISOS_TATEIS;PCT_ESCOLAS_SINALIZACAO_ACESSIVEL;PCT_ESCOLAS_SEM_ACESSIBILIDADE;QTD_ESCOLAS_COM_INTERNET;PCT_ESCOLAS_COM_INTERNET_QUE_TEM_BANDA_LARGA;TOTAL_DESKTOPS_ALUNOS;TOTAL_PORTATEIS_ALUNOS;TOTAL_TABLETS_ALUNOS;TOTAL_SALAS_UTILIZADAS;TOTAL_SALAS_CLIMATIZADAS;TOTAL_SALAS_ACESSIVEIS;PCT_SALAS_CLIMATIZADAS;PCT_SALAS_ACESSIVEIS
2100055;Açailândia;89;89;100.0;58;31;1;15;73;16;17.98;95.51;98.88;12.36;85.39;70.79;5.62;10.11;22.47;40.45;89.89;41.57;61.8;83.15;59.55;33.71;68.54;7.87;0.0;20.22;80.0;92.5;221;53;136;652;373;312;57.21;47.85
2100105;Afonso Cunha;23;23;100.0;6;17;0;1;22;2;8.7;100.0;100.0;4.35;26.09;26.09;0.0;13.04;21.74;13.04;73.91;13.04;43.48;0.0;26.09;4.35;47.83;0.0;0.0;39.13;17.0;0.0;35;9;83;104;76;0;73.08;0.0
2100154;Água Doce do Maranhão;29;29;100.0;7;22;0;2;27;2;6.9;89.66;100.0;0.0;75.86;13.79;0.0;0.0;10.34;6.9;89.66;3.45;27.59;89.66;27.59;0.0;44.83;6.9;0.0;51.72;26.0;100.0;4;14;1;133;20;7;15.04;5.26
2100204;Alcântara;45;45;100.0;8;37;2;2;41;3;6.67;100.0;100.0;0.0;22.22;24.44;8.89;8.89;11.11;22.22;95.56;35.56;44.44;66.67;44.44;6.67;62.22;0.0;0.0;26.67;43.0;69.77;98;15;4;211;22;46;10.43;21.8
2100303;Aldeias Altas;40;40;100.0;11;29;0;1;39;1;2.5;100.0;100.0;0.0;35.0;35.0;0.0;2.5;5.0;10.0;90.0;57.5;35.0;90.0;32.5;17.5;67.5;5.0;2.5;32.5;36.0;100.0;40;30;6;229;100;50;43.67;21.83
2100402;Altamira do Maranhão;16;16;100.0;6;10;0;1;15;1;6.25;43.75;100.0;0.0;81.25;6.25;6.25;12.5;12.5;37.5;93.75;81.25;93.75;93.75;18.75;0.0;56.25;6.25;0.0;37.5;15.0;100.0;16;13;0;56;32;6;57.14;10.71
2100436;Alto Alegre do Maranhão;30;30;100.0;17;13;0;2;28;2;6.67;100.0;100.0;20.0;60.0;26.67;6.67;10.0;10.0;10.0;93.33;23.33;46.67;83.33;53.33;20.0;36.67;3.33;0.0;33.33;28.0;89.29;28;11;0;197;95;15;48.22;7.61
2100477;Alto Alegre do Pindaré;67;67;100.0;14;53;0;9;58;9;13.43;100.0;98.51;4.48;46.27;31.34;1.49;1.49;16.42;40.3;92.54;50.75;85.07;92.54;25.37;23.88;68.66;7.46;0.0;1.49;62.0;100.0;21;12;255;356;286;38;80.34;10.67
2100501;Alto Parnaíba;29;29;100.0;6;23;0;1;28;1;3.45;96.55;62.07;17.24;20.69;0.0;0.0;3.45;6.9;3.45;41.38;3.45;13.79;17.24;13.79;3.45;13.79;0.0;0.0;82.76;12.0;41.67;0;11;0;102;33;9;32.35;8.82
2100550;Amapá do Maranhão;17;17;100.0;8;9;0;1;16;1;5.88;100.0;100.0;0.0;76.47;52.94;0.0;0.0;41.18;23.53;100.0;29.41;70.59;88.24;35.29;23.53;58.82;5.88;0.0;41.18;17.0;88.24;27;6;0;86;73;34;84.88;39.53
2100600;Amarante do Maranhão;102;102;100.0;15;87;0;38;64;6;5.88;75.49;100.0;1.96;18.63;9.8;0.98;2.94;4.9;5.88;45.1;4.9;5.88;38.24;21.57;7.84;31.37;0.0;0.0;64.71;46.0;84.78;44;5;0;511;127;154;24.85;30.14
2100709;Anajatuba;41;41;100.0;6;35;0;3;38;3;7.32;26.83;100.0;2.44;29.27;7.32;0.0;2.44;0.0;7.32;100.0;2.44;19.51;97.56;12.2;36.59;39.02;0.0;0.0;48.78;41.0;97.56;15;11;27;194;83;0;42.78;0.0
2100808;Anapurus;33;33;100.0;7;26;0;4;29;4;12.12;93.94;100.0;3.03;24.24;42.42;6.06;15.15;24.24;30.3;63.64;24.24;21.21;42.42;27.27;6.06;45.45;0.0;0.0;45.45;21.0;66.67;32;12;0;172;46;18;26.74;10.47
2100832;Apicum-Açu;24;24;100.0;9;15;0;1;23;1;4.17;100.0;100.0;0.0;37.5;29.17;8.33;8.33;12.5;8.33;100.0;29.17;20.83;100.0;25.0;66.67;33.33;0.0;0.0;45.83;24.0;100.0;12;2;0;153;75;31;49.02;20.26
2100873;Araguanã;24;24;100.0;8;16;0;3;21;2;8.33;91.67;100.0;0.0;41.67;4.17;0.0;0.0;0.0;20.83;95.83;8.33;0.0;83.33;50.0;4.17;87.5;12.5;0.0;12.5;23.0;86.96;4;2;0;105;99;6;94.29;5.71
2100907;Araioses;74;74;100.0;12;62;1;4;69;5;6.76;83.78;100.0;4.05;33.78;16.22;2.7;9.46;10.81;25.68;91.89;6.76;31.08;39.19;18.92;52.7;39.19;1.35;0.0;58.11;68.0;42.65;104;70;0;326;156;43;47.85;13.19
2100956;Arame;101;101;100.0;12;89;0;33;68;6;5.94;84.16;98.02;0.99;14.85;6.93;0.0;3.96;2.97;1.98;44.55;3.96;18.81;13.86;3.96;0.99;13.86;0.99;0.0;82.18;45.0;31.11;47;7;0;259;85;7;32.82;2.7
2101004;Arari;56;56;100.0;16;40;0;3;53;3;5.36;100.0;98.21;1.79;32.14;26.79;1.79;10.71;12.5;3.57;87.5;39.29;80.36;83.93;35.71;0.0;25.0;1.79;0.0;67.86;49.0;95.92;44;12;2;256;209;40;81.64;15.62
2101103;Axixá;22;22;100.0;3;19;0;2;20;2;9.09;100.0;100.0;9.09;81.82;22.73;13.64;18.18;4.55;9.09;100.0;27.27;13.64;95.45;36.36;27.27;54.55;0.0;0.0;40.91;22.0;95.45;77;11;1;166;69;19;41.57;11.45
2101202;Bacabal;113;113;100.0;52;61;1;11;101;12;10.62;97.35;100.0;7.96;59.29;28.32;5.31;12.39;18.58;15.93;97.35;17.7;87.61;97.35;56.64;29.2;69.03;3.54;0.88;0.88;110.0;100.0;204;89;73;639;458;397;71.67;62.13
2101251;Bacabeira;26;26;100.0;10;16;0;3;23;3;11.54;96.15;100.0;0.0;100.0;38.46;7.69;7.69;23.08;46.15;96.15;3.85;76.92;76.92;61.54;42.31;61.54;11.54;0.0;15.38;25.0;80.0;53;7;3;282;258;23;91.49;8.16
2101301;Bacuri;32;32;100.0;11;21;0;3;29;3;9.38;93.75;100.0;0.0;40.62;28.12;0.0;0.0;12.5;6.25;100.0;46.88;71.88;100.0;31.25;6.25;90.62;0.0;0.0;9.38;32.0;100.0;18;17;0;172;12;34;6.98;19.77
2101350;Bacurituba;18;18;100.0;5;13;0;1;17;1;5.56;83.33;100.0;11.11;22.22;16.67;0.0;16.67;11.11;5.56;94.44;44.44;55.56;61.11;61.11;11.11;77.78;0.0;0.0;16.67;17.0;64.71;40;15;1;62;22;23;35.48;37.1
2101400;Balsas;69;69;100.0;42;27;0;9;60;9;13.04;98.55;100.0;7.25;72.46;49.28;7.25;14.49;23.19;18.84;97.1;43.48;68.12;59.42;53.62;49.28;60.87;2.9;0.0;34.78;67.0;61.19;208;49;13;548;367;219;66.97;39.96
2101509;Barão de Grajaú;26;26;100.0;10;16;0;3;23;3;11.54;100.0;100.0;0.0;38.46;34.62;3.85;7.69;15.38;30.77;96.15;7.69;65.38;92.31;57.69;15.38;65.38;0.0;0.0;26.92;25.0;96.0;11;26;0;127;97;9;76.38;7.09
2101608;Barra do Corda;186;186;100.0;34;152;1;65;120;26;13.98;72.58;92.47;4.3;18.82;26.88;3.76;15.59;20.97;17.2;56.99;24.19;34.41;22.58;29.03;14.52;30.11;4.3;0.0;59.68;106.0;39.62;411;74;2;846;243;132;28.72;15.6
2101707;Barreirinhas;139;139;100.0;29;110;1;5;133;6;4.32;99.28;97.84;10.79;32.37;33.09;2.16;3.6;4.32;10.07;92.81;6.47;61.15;89.93;28.06;7.91;44.6;4.32;0.0;35.97;129.0;96.9;129;71;0;560;288;31;51.43;5.54
2101731;Belágua;44;44;100.0;9;35;0;3;41;3;6.82;88.64;100.0;0.0;20.45;13.64;0.0;4.55;2.27;6.82;50.0;4.55;11.36;6.82;22.73;2.27;75.0;0.0;0.0;25.0;22.0;13.64;26;3;0;221;55;7;24.89;3.17
2101772;Bela Vista do Maranhão;20;20;100.0;8;12;0;1;19;1;5.0;90.0;100.0;0.0;60.0;10.0;0.0;5.0;0.0;15.0;95.0;10.0;45.0;85.0;25.0;25.0;65.0;0.0;0.0;35.0;19.0;89.47;27;3;0;92;84;21;91.3;22.83
2101806;Benedito Leite;11;11;100.0;4;7;0;2;9;2;18.18;100.0;100.0;9.09;63.64;18.18;9.09;18.18;0.0;0.0;81.82;18.18;27.27;72.73;18.18;0.0;27.27;0.0;0.0;54.55;9.0;88.89;9;6;0;43;7;0;16.28;0.0
2101905;Bequimão;27;27;100.0;8;19;0;3;24;2;7.41;96.3;100.0;0.0;29.63;37.04;0.0;3.7;7.41;3.7;92.59;55.56;81.48;81.48;29.63;7.41;85.19;7.41;0.0;11.11;25.0;88.0;16;15;35;153;8;19;5.23;12.42
2101939;Bernardo do Mearim;15;15;100.0;4;11;0;2;13;2;13.33;100.0;100.0;0.0;60.0;20.0;0.0;6.67;40.0;13.33;73.33;6.67;40.0;60.0;13.33;6.67;13.33;6.67;6.67;40.0;11.0;81.82;24;1;0;69;59;22;85.51;31.88
2101970;Boa Vista do Gurupi;15;15;100.0;7;8;0;1;14;1;6.67;100.0;100.0;0.0;53.33;46.67;0.0;6.67;26.67;40.0;93.33;6.67;93.33;93.33;40.0;0.0;93.33;13.33;0.0;6.67;14.0;100.0;9;12;0;74;45;16;60.81;21.62
2102002;Bom Jardim;104;104;100.0;12;92;0;12;92;6;5.77;84.62;99.04;0.0;30.77;13.46;0.0;2.88;3.85;2.88;82.69;22.12;66.35;77.88;23.08;19.23;43.27;1.92;0.0;54.81;86.0;94.19;24;16;40;379;158;66;41.69;17.41
2102036;Bom Jesus das Selvas;51;51;100.0;15;36;0;3;48;2;3.92;98.04;100.0;1.96;39.22;17.65;3.92;7.84;13.73;9.8;94.12;29.41;62.75;74.51;33.33;9.8;49.02;0.0;0.0;45.1;48.0;79.17;41;14;37;253;134;101;52.96;39.92
2102077;Bom Lugar;20;20;100.0;4;16;0;1;19;1;5.0;95.0;100.0;15.0;75.0;5.0;0.0;25.0;10.0;40.0;100.0;30.0;95.0;100.0;70.0;40.0;85.0;10.0;0.0;0.0;20.0;100.0;67;16;0;107;98;69;91.59;64.49
2102101;Brejo;69;69;100.0;17;52;0;5;64;5;7.25;100.0;98.55;0.0;26.09;17.39;4.35;5.8;8.7;8.7;92.75;11.59;36.23;91.3;42.03;8.7;84.06;0.0;0.0;1.45;64.0;98.44;105;46;46;354;156;65;44.07;18.36
2102150;Brejo de Areia;31;31;100.0;4;27;0;2;29;2;6.45;38.71;100.0;0.0;22.58;3.23;0.0;3.23;0.0;35.48;45.16;35.48;41.94;38.71;9.68;0.0;16.13;0.0;0.0;80.65;14.0;85.71;8;13;0;137;1;21;0.73;15.33
2102200;Buriti;63;63;100.0;11;52;0;4;59;4;6.35;92.06;100.0;1.59;20.63;15.87;1.59;1.59;1.59;3.17;79.37;4.76;31.75;66.67;12.7;3.17;47.62;0.0;0.0;52.38;50.0;84.0;19;17;7;290;69;14;23.79;4.83
2102309;Buriti Bravo;43;43;100.0;22;21;0;3;40;3;6.98;97.67;100.0;11.63;48.84;37.21;2.33;9.3;4.65;18.6;90.7;11.63;30.23;88.37;41.86;6.98;69.77;4.65;0.0;20.93;39.0;97.44;45;20;0;196;49;65;25.0;33.16
2102325;Buriticupu;84;84;100.0;19;65;1;12;71;7;8.33;91.67;98.81;2.38;46.43;29.76;2.38;1.19;21.43;13.1;89.29;25.0;57.14;82.14;26.19;19.05;39.29;1.19;0.0;58.33;75.0;92.0;72;22;42;489;141;144;28.83;29.45
2102358;Buritirana;26;26;100.0;5;21;0;1;25;1;3.85;88.46;100.0;0.0;69.23;23.08;3.85;23.08;7.69;3.85;92.31;38.46;34.62;73.08;46.15;7.69;76.92;0.0;0.0;23.08;24.0;79.17;71;23;1;134;47;55;35.07;41.04
2102374;Cachoeira Grande;25;25;100.0;6;19;0;1;24;1;4.0;96.0;100.0;0.0;24.0;12.0;0.0;0.0;0.0;8.0;44.0;8.0;24.0;28.0;32.0;12.0;28.0;4.0;0.0;68.0;11.0;63.64;13;16;1;145;21;16;14.48;11.03
2102408;Cajapió;34;34;100.0;8;26;0;2;32;2;5.88;97.06;100.0;5.88;38.24;17.65;0.0;5.88;5.88;8.82;97.06;8.82;70.59;76.47;11.76;0.0;35.29;0.0;0.0;61.76;33.0;78.79;26;1;9;110;42;8;38.18;7.27
2102507;Cajari;58;58;100.0;6;52;0;2;56;2;3.45;96.55;98.28;0.0;10.34;3.45;1.72;3.45;3.45;1.72;63.79;27.59;13.79;60.34;12.07;3.45;39.66;1.72;0.0;34.48;37.0;94.59;31;18;0;207;106;2;51.21;0.97
2102556;Campestre do Maranhão;16;16;100.0;11;5;0;1;15;1;6.25;93.75;100.0;0.0;87.5;6.25;0.0;25.0;6.25;6.25;87.5;0.0;6.25;87.5;37.5;31.25;56.25;0.0;0.0;0.0;14.0;100.0;10;3;0;91;41;19;45.05;20.88
2102606;Cândido Mendes;46;46;100.0;9;37;0;2;44;2;4.35;100.0;93.48;0.0;21.74;21.74;0.0;8.7;4.35;32.61;95.65;4.35;36.96;76.09;21.74;8.7;30.43;4.35;0.0;60.87;44.0;79.55;57;22;42;227;104;9;45.81;3.96
2102705;Cantanhede;30;30;100.0;12;18;0;1;29;1;3.33;96.67;100.0;3.33;53.33;10.0;0.0;0.0;6.67;26.67;93.33;6.67;40.0;83.33;40.0;83.33;20.0;3.33;0.0;60.0;28.0;89.29;16;13;50;160;102;9;63.75;5.62
2102754;Capinzal do Norte;24;24;100.0;10;14;0;3;21;3;12.5;100.0;100.0;25.0;70.83;20.83;0.0;0.0;4.17;4.17;87.5;8.33;70.83;79.17;8.33;8.33;83.33;0.0;0.0;4.17;21.0;90.48;8;2;1;103;18;15;17.48;14.56
2102804;Carolina;46;46;100.0;21;25;1;4;41;3;6.52;97.83;95.65;17.39;52.17;23.91;2.17;4.35;6.52;6.52;80.43;13.04;63.04;69.57;28.26;10.87;60.87;4.35;0.0;36.96;37.0;86.49;52;5;7;185;59;16;31.89;8.65
2102903;Carutapera;42;42;100.0;18;24;0;5;37;5;11.9;88.1;95.24;2.38;57.14;33.33;2.38;21.43;11.9;33.33;85.71;11.9;42.86;69.05;45.24;23.81;54.76;4.76;0.0;38.1;36.0;80.56;94;76;5;241;123;54;51.04;22.41
2103000;Caxias;221;221;100.0;97;124;1;19;201;20;9.05;95.93;100.0;17.19;49.32;37.56;10.41;26.7;11.31;20.36;82.81;26.7;34.39;78.73;46.61;24.89;70.59;12.67;0.45;3.17;183.0;95.08;645;204;62;1041;532;640;51.1;61.48
2103109;Cedral;16;16;100.0;4;12;0;1;15;1;6.25;100.0;100.0;6.25;56.25;37.5;0.0;6.25;25.0;12.5;100.0;6.25;31.25;62.5;56.25;18.75;43.75;6.25;0.0;12.5;16.0;62.5;17;4;0;107;37;18;34.58;16.82
2103125;Central do Maranhão;25;25;100.0;10;15;0;1;24;1;4.0;100.0;100.0;0.0;44.0;28.0;0.0;0.0;8.0;4.0;96.0;8.0;56.0;76.0;60.0;12.0;76.0;12.0;0.0;20.0;24.0;79.17;1;4;0;92;26;38;28.26;41.3
2103158;Centro do Guilherme;32;32;100.0;7;25;0;2;30;2;6.25;31.25;96.88;0.0;21.88;31.25;9.38;18.75;6.25;25.0;87.5;62.5;81.25;43.75;21.88;12.5;21.88;0.0;0.0;75.0;28.0;50.0;19;38;0;203;118;25;58.13;12.32
2103174;Centro Novo do Maranhão;47;47;100.0;9;38;0;7;40;5;10.64;87.23;87.23;0.0;38.3;27.66;0.0;6.38;12.77;0.0;80.85;10.64;17.02;65.96;27.66;21.28;55.32;2.13;0.0;42.55;38.0;81.58;18;18;1;215;91;22;42.33;10.23
2103208;Chapadinha;130;130;100.0;39;91;0;5;125;5;3.85;96.15;100.0;2.31;30.0;19.23;2.31;3.08;9.23;16.15;63.85;8.46;36.92;56.15;37.69;13.85;41.54;1.54;1.54;22.31;83.0;87.95;45;22;1;564;402;105;71.28;18.62
2103257;Cidelândia;21;21;100.0;6;15;0;2;19;2;9.52;100.0;100.0;0.0;80.95;38.1;4.76;0.0;28.57;9.52;100.0;28.57;19.05;85.71;47.62;9.52;57.14;4.76;0.0;38.1;21.0;85.71;15;7;1;146;102;51;69.86;34.93
2103307;Codó;159;158;99.37;68;91;1;10;148;10;6.29;91.82;100.0;30.19;49.06;27.67;3.77;9.43;11.95;22.64;81.13;6.29;42.14;66.67;30.19;16.35;42.77;4.4;0.0;49.06;129.0;82.17;295;64;15;810;313;160;38.64;19.75
2103406;Coelho Neto;46;46;100.0;25;21;1;5;40;9;19.57;91.3;100.0;8.7;56.52;34.78;6.52;13.04;17.39;13.04;97.83;30.43;71.74;82.61;45.65;26.09;65.22;10.87;2.17;30.43;45.0;84.44;170;49;262;300;125;84;41.67;28.0
2103505;Colinas;63;63;100.0;25;38;0;5;58;5;7.94;98.41;100.0;3.17;41.27;42.86;3.17;15.87;11.11;9.52;98.41;20.63;80.95;95.24;42.86;15.87;55.56;15.87;0.0;39.68;62.0;96.77;126;39;3;325;111;59;34.15;18.15
2103554;Conceição do Lago-Açu;36;36;100.0;5;31;0;1;35;1;2.78;88.89;100.0;2.78;19.44;5.56;0.0;5.56;2.78;5.56;97.22;2.78;97.22;88.89;19.44;2.78;0.0;0.0;0.0;91.67;35.0;91.43;2;2;0;148;79;6;53.38;4.05
2103604;Coroatá;81;80;98.77;31;50;0;11;70;10;12.35;98.77;100.0;3.7;38.27;35.8;3.7;4.94;12.35;9.88;82.72;12.35;32.1;77.78;32.1;14.81;74.07;1.23;1.23;20.99;67.0;94.03;82;51;14;473;192;112;40.59;23.68
2103703;Cururupu;52;52;100.0;23;29;0;3;49;3;5.77;100.0;75.0;0.0;46.15;15.38;1.92;3.85;7.69;25.0;96.15;32.69;75.0;76.92;40.38;11.54;50.0;1.92;0.0;25.0;50.0;80.0;86;8;0;227;80;23;35.24;10.13
2103752;Davinópolis;16;16;100.0;12;4;0;1;15;1;6.25;100.0;100.0;6.25;75.0;31.25;0.0;0.0;6.25;0.0;100.0;25.0;68.75;100.0;18.75;6.25;50.0;0.0;0.0;0.0;16.0;100.0;6;4;0;117;73;34;62.39;29.06
2103802;Dom Pedro;29;29;100.0;16;13;0;3;26;3;10.34;100.0;100.0;0.0;72.41;44.83;3.45;10.34;24.14;10.34;100.0;13.79;27.59;100.0;41.38;41.38;37.93;0.0;0.0;27.59;29.0;100.0;78;24;0;159;124;66;77.99;41.51
2103901;Duque Bacelar;26;26;100.0;9;17;0;2;24;2;7.69;61.54;100.0;7.69;30.77;69.23;3.85;7.69;11.54;3.85;73.08;7.69;61.54;11.54;26.92;11.54;19.23;0.0;0.0;69.23;19.0;15.79;8;3;0;113;70;4;61.95;3.54
2104008;Esperantinópolis;33;33;100.0;11;22;0;3;30;3;9.09;100.0;96.97;3.03;42.42;30.3;6.06;9.09;3.03;6.06;87.88;33.33;21.21;63.64;30.3;0.0;36.36;9.09;0.0;57.58;29.0;72.41;16;4;0;194;84;47;43.3;24.23
2104057;Estreito;34;34;100.0;20;14;0;3;31;3;8.82;100.0;100.0;5.88;64.71;47.06;2.94;8.82;11.76;20.59;100.0;26.47;61.76;94.12;61.76;29.41;50.0;8.82;0.0;26.47;34.0;94.12;18;28;10;204;135;47;66.18;23.04
2104073;Feira Nova do Maranhão;8;8;100.0;4;4;0;1;7;1;12.5;100.0;100.0;12.5;87.5;62.5;0.0;12.5;37.5;12.5;100.0;37.5;50.0;50.0;87.5;25.0;50.0;0.0;0.0;12.5;8.0;50.0;12;4;0;65;40;10;61.54;15.38
2104081;Fernando Falcão;32;32;100.0;3;29;0;5;27;4;12.5;90.62;100.0;0.0;25.0;9.38;0.0;6.25;6.25;0.0;46.88;9.38;15.62;21.88;15.62;0.0;18.75;3.12;0.0;50.0;15.0;46.67;16;11;0;120;38;8;31.67;6.67
2104099;Formosa da Serra Negra;30;30;100.0;8;22;0;3;27;4;13.33;66.67;100.0;0.0;26.67;20.0;3.33;3.33;16.67;6.67;100.0;23.33;30.0;70.0;33.33;10.0;60.0;3.33;0.0;36.67;30.0;70.0;9;8;2;193;161;87;83.42;45.08
2104107;Fortaleza dos Nogueiras;19;19;100.0;8;11;0;2;17;2;10.53;57.89;100.0;5.26;42.11;26.32;0.0;5.26;21.05;15.79;100.0;31.58;68.42;15.79;42.11;5.26;78.95;0.0;0.0;15.79;19.0;15.79;25;12;4;108;71;34;65.74;31.48
2104206;Fortuna;30;30;100.0;11;19;0;2;28;2;6.67;100.0;100.0;6.67;40.0;20.0;3.33;0.0;3.33;26.67;93.33;30.0;66.67;70.0;30.0;6.67;56.67;3.33;0.0;40.0;28.0;75.0;11;17;20;149;16;33;10.74;22.15
2104305;Godofredo Viana;16;16;100.0;7;9;0;1;15;1;6.25;100.0;87.5;6.25;68.75;25.0;0.0;12.5;0.0;37.5;81.25;12.5;25.0;0.0;43.75;0.0;31.25;6.25;0.0;56.25;13.0;0.0;51;0;0;230;60;11;26.09;4.78
2104404;Gonçalves Dias;43;43;100.0;8;35;0;2;41;2;4.65;97.67;100.0;13.95;18.6;18.6;4.65;2.33;9.3;13.95;76.74;62.79;60.47;69.77;30.23;2.33;23.26;6.98;2.33;72.09;33.0;90.91;30;28;2;126;91;28;72.22;22.22
2104503;Governador Archer;25;25;100.0;11;14;0;1;24;1;4.0;52.0;100.0;0.0;48.0;12.0;0.0;8.0;0.0;0.0;44.0;4.0;0.0;16.0;28.0;12.0;16.0;0.0;0.0;72.0;11.0;36.36;0;2;1;89;16;5;17.98;5.62
2104552;Governador Edison Lobão;19;19;100.0;9;10;0;3;16;3;15.79;100.0;100.0;5.26;78.95;36.84;5.26;15.79;15.79;26.32;100.0;36.84;68.42;100.0;78.95;57.89;84.21;5.26;0.0;15.79;19.0;100.0;50;12;1;130;122;48;93.85;36.92
2104602;Governador Eugênio Barros;29;29;100.0;6;23;0;3;26;3;10.34;96.55;100.0;0.0;37.93;10.34;0.0;0.0;3.45;20.69;58.62;0.0;13.79;41.38;3.45;0.0;79.31;0.0;0.0;13.79;17.0;70.59;10;2;0;115;22;8;19.13;6.96
2104628;Governador Luiz Rocha;14;14;100.0;7;7;0;1;13;1;7.14;100.0;100.0;0.0;50.0;7.14;0.0;7.14;7.14;0.0;85.71;7.14;14.29;71.43;14.29;0.0;78.57;0.0;0.0;14.29;12.0;83.33;3;1;0;76;20;15;26.32;19.74
2104651;Governador Newton Bello;35;35;100.0;6;29;0;1;34;1;2.86;74.29;94.29;2.86;20.0;8.57;0.0;8.57;0.0;0.0;68.57;11.43;45.71;51.43;20.0;42.86;31.43;0.0;0.0;62.86;24.0;75.0;29;2;0;112;64;3;57.14;2.68
2104677;Governador Nunes Freire;34;34;100.0;17;17;0;1;33;1;2.94;100.0;100.0;0.0;64.71;8.82;0.0;5.88;5.88;0.0;94.12;23.53;52.94;79.41;32.35;11.76;41.18;0.0;0.0;11.76;32.0;84.38;8;16;3;294;102;28;34.69;9.52
2104701;Graça Aranha;14;14;100.0;6;8;0;1;13;1;7.14;100.0;100.0;7.14;42.86;28.57;0.0;0.0;7.14;0.0;85.71;7.14;28.57;71.43;21.43;0.0;14.29;0.0;0.0;78.57;12.0;83.33;0;0;0;46;5;0;10.87;0.0
2104800;Grajaú;183;183;100.0;40;143;1;50;132;19;10.38;83.61;97.81;3.28;27.32;15.85;1.09;3.28;10.38;10.38;74.86;44.26;57.92;51.91;15.85;21.86;20.22;2.73;0.0;72.13;137.0;69.34;155;96;29;872;333;88;38.19;10.09
2104909;Guimarães;17;17;100.0;6;11;0;2;15;2;11.76;100.0;100.0;5.88;47.06;64.71;0.0;17.65;23.53;23.53;82.35;23.53;52.94;58.82;35.29;0.0;70.59;0.0;0.0;29.41;14.0;71.43;24;6;39;94;39;12;41.49;12.77
2105005;Humberto de Campos;77;77;100.0;17;60;0;2;75;2;2.6;94.81;100.0;0.0;29.87;11.69;0.0;2.6;5.19;2.6;89.61;22.08;44.16;66.23;11.69;12.99;16.88;0.0;0.0;76.62;69.0;73.91;22;45;3;333;102;21;30.63;6.31
2105104;Icatu;60;60;100.0;10;50;0;3;57;3;5.0;46.67;100.0;3.33;31.67;16.67;0.0;5.0;0.0;3.33;78.33;15.0;31.67;35.0;25.0;15.0;51.67;0.0;0.0;41.67;47.0;44.68;54;14;6;235;79;31;33.62;13.19
2105153;Igarapé do Meio;39;39;100.0;10;29;0;2;37;2;5.13;87.18;100.0;5.13;30.77;12.82;0.0;30.77;0.0;12.82;97.44;15.38;89.74;92.31;33.33;28.21;94.87;2.56;2.56;5.13;38.0;94.74;54;106;0;186;169;27;90.86;14.52
2105203;Igarapé Grande;20;20;100.0;9;11;0;1;19;1;5.0;85.0;100.0;30.0;80.0;10.0;0.0;5.0;5.0;15.0;100.0;20.0;75.0;90.0;50.0;10.0;75.0;0.0;0.0;15.0;20.0;90.0;31;2;0;90;76;40;84.44;44.44
2105302;Imperatriz;147;147;100.0;117;30;1;22;124;23;15.65;99.32;98.64;50.34;92.52;67.35;21.77;14.97;25.85;45.58;96.6;27.21;54.42;89.12;72.11;23.13;75.51;6.8;1.36;11.56;142.0;92.25;241;123;85;1199;1044;511;87.07;42.62
2105351;Itaipava do Grajaú;37;37;100.0;4;33;0;14;23;5;13.51;86.49;94.59;10.81;32.43;56.76;0.0;2.7;2.7;5.41;72.97;16.22;18.92;67.57;18.92;5.41;29.73;2.7;0.0;70.27;27.0;92.59;14;9;0;161;106;3;65.84;1.86
2105401;Itapecuru Mirim;100;100;100.0;34;66;1;9;90;10;10.0;90.0;100.0;6.0;44.0;25.0;3.0;5.0;9.0;10.0;83.0;16.0;40.0;55.0;45.0;42.0;37.0;2.0;0.0;41.0;83.0;66.27;116;46;40;897;627;87;69.9;9.7
2105427;Itinga do Maranhão;36;36;100.0;15;21;0;2;34;2;5.56;100.0;100.0;0.0;50.0;33.33;0.0;0.0;8.33;16.67;69.44;33.33;55.56;63.89;33.33;25.0;52.78;0.0;0.0;47.22;25.0;92.0;20;11;2;181;104;43;57.46;23.76
2105450;Jatobá;18;18;100.0;6;12;0;1;17;1;5.56;100.0;100.0;0.0;27.78;33.33;0.0;11.11;5.56;0.0;83.33;16.67;66.67;83.33;38.89;0.0;61.11;0.0;0.0;22.22;15.0;100.0;12;9;0;71;9;0;12.68;0.0
2105476;Jenipapo dos Vieiras;91;91;100.0;5;86;0;61;30;13;14.29;45.05;91.21;3.3;8.79;3.3;0.0;1.1;0.0;0.0;31.87;1.1;19.78;9.89;6.59;3.3;16.48;0.0;0.0;83.52;29.0;31.03;5;14;4;324;32;4;9.88;1.23
2105500;João Lisboa;49;49;100.0;19;30;0;3;46;3;6.12;100.0;100.0;22.45;61.22;59.18;0.0;2.04;8.16;20.41;97.96;30.61;79.59;87.76;51.02;85.71;61.22;0.0;0.0;10.2;48.0;89.58;94;24;2;250;28;77;11.2;30.8
2105609;Joselândia;19;19;100.0;5;14;0;1;18;1;5.26;84.21;100.0;5.26;47.37;42.11;0.0;0.0;15.79;5.26;89.47;10.53;57.89;89.47;31.58;10.53;52.63;10.53;0.0;47.37;17.0;100.0;8;15;2;121;35;21;28.93;17.36
2105658;Junco do Maranhão;12;12;100.0;5;7;0;1;11;1;8.33;100.0;100.0;0.0;75.0;16.67;8.33;25.0;0.0;0.0;91.67;8.33;8.33;33.33;25.0;16.67;75.0;0.0;0.0;8.33;11.0;36.36;0;13;0;62;26;6;41.94;9.68
2105708;Lago da Pedra;60;60;100.0;22;38;0;4;56;4;6.67;85.0;100.0;5.0;55.0;28.33;0.0;3.33;16.67;10.0;100.0;10.0;90.0;88.33;30.0;0.0;48.33;0.0;0.0;46.67;60.0;88.33;32;17;1;277;97;41;35.02;14.8
2105807;Lago do Junco;33;33;100.0;7;26;0;2;31;9;27.27;100.0;100.0;12.12;33.33;42.42;9.09;0.0;12.12;6.06;72.73;21.21;15.15;60.61;33.33;9.09;39.39;6.06;0.0;27.27;24.0;83.33;33;3;0;145;84;14;57.93;9.66
2105906;Lago Verde;37;37;100.0;6;31;0;2;35;2;5.41;54.05;100.0;0.0;27.03;10.81;2.7;0.0;2.7;8.11;94.59;21.62;67.57;94.59;21.62;5.41;27.03;0.0;0.0;59.46;35.0;100.0;15;15;0;145;50;18;34.48;12.41
2105922;Lagoa do Mato;16;16;100.0;5;11;0;1;15;1;6.25;100.0;100.0;18.75;37.5;6.25;0.0;25.0;6.25;0.0;75.0;75.0;62.5;6.25;56.25;50.0;87.5;0.0;0.0;12.5;12.0;8.33;49;19;4;106;46;6;43.4;5.66
2105948;Lago dos Rodrigues;27;27;100.0;8;19;0;2;25;2;7.41;96.3;100.0;0.0;37.04;14.81;3.7;7.41;0.0;22.22;96.3;7.41;25.93;96.3;37.04;11.11;70.37;0.0;0.0;29.63;26.0;100.0;6;11;0;120;79;42;65.83;35.0
2105963;Lagoa Grande do Maranhão;29;29;100.0;5;24;0;2;27;2;6.9;100.0;100.0;0.0;31.03;10.34;0.0;0.0;0.0;6.9;100.0;27.59;86.21;100.0;34.48;0.0;65.52;3.45;0.0;6.9;29.0;100.0;19;10;20;87;12;17;13.79;19.54
2105989;Lajeado Novo;13;13;100.0;5;8;0;2;11;1;7.69;76.92;100.0;0.0;53.85;0.0;0.0;0.0;0.0;15.38;76.92;0.0;15.38;61.54;38.46;7.69;15.38;7.69;0.0;69.23;10.0;80.0;6;5;0;71;39;3;54.93;4.23
2106003;Lima Campos;22;22;100.0;8;14;0;1;21;1;4.55;95.45;95.45;9.09;68.18;22.73;0.0;9.09;13.64;18.18;100.0;86.36;100.0;95.45;54.55;27.27;86.36;0.0;0.0;0.0;22.0;95.45;24;32;1;103;99;33;96.12;32.04
2106102;Loreto;24;24;100.0;11;13;0;3;21;2;8.33;100.0;100.0;0.0;66.67;29.17;4.17;12.5;4.17;8.33;91.67;41.67;83.33;83.33;25.0;8.33;83.33;0.0;0.0;0.0;22.0;90.91;28;18;0;119;9;8;7.56;6.72
2106201;Luís Domingues;12;12;100.0;8;4;0;1;11;1;8.33;100.0;91.67;0.0;75.0;8.33;0.0;0.0;8.33;41.67;83.33;16.67;50.0;25.0;8.33;8.33;50.0;0.0;0.0;50.0;10.0;30.0;3;20;1;97;17;7;17.53;7.22
2106300;Magalhães de Almeida;33;33;100.0;7;26;0;5;28;5;15.15;96.97;100.0;21.21;63.64;39.39;3.03;9.09;9.09;12.12;96.97;12.12;63.64;48.48;36.36;9.09;57.58;0.0;0.0;39.39;32.0;50.0;13;33;15;166;45;6;27.11;3.61
2106326;Maracaçumé;26;26;100.0;15;11;0;2;24;2;7.69;100.0;100.0;0.0;69.23;26.92;0.0;11.54;15.38;7.69;57.69;30.77;11.54;57.69;26.92;3.85;50.0;0.0;0.0;50.0;15.0;100.0;9;4;0;182;92;2;50.55;1.1
2106359;Marajá do Sena;40;40;100.0;3;37;0;1;39;3;7.5;100.0;100.0;0.0;10.0;7.5;0.0;2.5;0.0;2.5;32.5;5.0;30.0;15.0;17.5;2.5;30.0;0.0;0.0;70.0;13.0;46.15;1;5;0;91;59;36;64.84;39.56
2106375;Maranhãozinho;29;29;100.0;9;20;0;1;28;1;3.45;100.0;96.55;0.0;44.83;31.03;3.45;17.24;0.0;41.38;89.66;17.24;34.48;82.76;24.14;3.45;51.72;3.45;0.0;48.28;26.0;92.31;16;46;0;145;112;9;77.24;6.21
2106409;Mata Roma;27;27;100.0;10;17;0;2;25;2;7.41;100.0;100.0;0.0;48.15;18.52;0.0;0.0;25.93;3.7;100.0;3.7;44.44;92.59;25.93;3.7;81.48;0.0;0.0;18.52;27.0;92.59;7;7;0;154;53;29;34.42;18.83
2106508;Matinha;52;52;100.0;13;39;0;2;50;2;3.85;100.0;100.0;0.0;25.0;15.38;1.92;5.77;5.77;0.0;98.08;61.54;96.15;92.31;17.31;9.62;30.77;0.0;0.0;51.92;51.0;94.12;107;44;0;229;138;17;60.26;7.42
2106607;Matões;58;58;100.0;14;44;0;4;54;4;6.9;94.83;100.0;6.9;24.14;31.03;3.45;8.62;10.34;27.59;98.28;24.14;39.66;96.55;41.38;3.45;89.66;1.72;0.0;5.17;57.0;98.25;90;16;0;279;117;53;41.94;19.0
2106631;Matões do Norte;44;44;100.0;8;36;0;3;41;3;6.82;90.91;100.0;0.0;22.73;6.82;0.0;2.27;4.55;0.0;97.73;13.64;50.0;93.18;25.0;2.27;38.64;2.27;0.0;50.0;43.0;95.35;16;4;0;123;25;20;20.33;16.26
2106672;Milagres do Maranhão;22;22;100.0;7;15;0;1;21;1;4.55;95.45;100.0;9.09;36.36;13.64;0.0;0.0;0.0;36.36;77.27;4.55;59.09;54.55;40.91;18.18;100.0;18.18;0.0;0.0;17.0;70.59;10;13;0;111;81;39;72.97;35.14
2106706;Mirador;36;36;100.0;9;27;0;4;32;4;11.11;97.22;100.0;22.22;41.67;33.33;2.78;16.67;11.11;16.67;72.22;16.67;52.78;61.11;38.89;25.0;52.78;5.56;0.0;38.89;26.0;84.62;54;10;0;194;91;26;46.91;13.4
2106755;Miranda do Norte;25;25;100.0;16;9;0;2;23;2;8.0;100.0;100.0;12.0;84.0;32.0;4.0;12.0;16.0;24.0;92.0;12.0;36.0;92.0;48.0;20.0;44.0;0.0;0.0;48.0;23.0;100.0;13;3;0;139;118;12;84.89;8.63
2106805;Mirinzal;28;28;100.0;12;16;0;2;26;2;7.14;100.0;100.0;0.0;46.43;32.14;0.0;0.0;3.57;7.14;89.29;3.57;39.29;42.86;28.57;14.29;35.71;0.0;0.0;57.14;25.0;48.0;13;13;10;137;37;5;27.01;3.65
2106904;Monção;89;89;100.0;16;73;0;3;86;3;3.37;56.18;100.0;6.74;17.98;7.87;2.25;4.49;3.37;13.48;97.75;10.11;61.8;75.28;19.1;19.1;46.07;0.0;0.0;48.31;87.0;77.01;68;25;33;294;108;21;36.73;7.14
2107001;Montes Altos;18;18;100.0;6;12;0;4;14;2;11.11;83.33;100.0;0.0;44.44;16.67;0.0;11.11;5.56;11.11;88.89;11.11;22.22;72.22;27.78;5.56;27.78;0.0;0.0;66.67;16.0;81.25;18;4;0;75;34;0;45.33;0.0
2107100;Morros;39;39;100.0;10;29;0;1;38;1;2.56;100.0;100.0;0.0;35.9;7.69;0.0;2.56;5.13;5.13;76.92;0.0;53.85;12.82;25.64;2.56;41.03;2.56;0.0;58.97;30.0;16.67;30;24;5;174;70;9;40.23;5.17
2107209;Nina Rodrigues;38;38;100.0;15;23;0;3;35;3;7.89;97.37;100.0;2.63;34.21;36.84;0.0;5.26;5.26;21.05;89.47;36.84;52.63;47.37;42.11;7.89;42.11;0.0;2.63;52.63;34.0;52.94;68;9;54;167;41;20;24.55;11.98
2107258;Nova Colinas;7;7;100.0;5;2;0;1;6;1;14.29;100.0;100.0;0.0;85.71;28.57;14.29;14.29;85.71;14.29;100.0;14.29;57.14;100.0;71.43;0.0;100.0;0.0;0.0;0.0;7.0;100.0;1;3;0;55;55;52;100.0;94.55
2107308;Nova Iorque;5;5;100.0;3;2;0;1;4;2;40.0;100.0;100.0;60.0;60.0;40.0;0.0;0.0;0.0;40.0;100.0;40.0;20.0;60.0;60.0;40.0;60.0;40.0;0.0;40.0;5.0;60.0;0;2;2;39;24;17;61.54;43.59
2107357;Nova Olinda do Maranhão;33;33;100.0;12;21;0;3;30;1;3.03;93.94;96.97;3.03;39.39;9.09;3.03;9.09;3.03;6.06;57.58;6.06;3.03;54.55;21.21;9.09;24.24;0.0;0.0;72.73;19.0;94.74;16;9;1;141;69;30;48.94;21.28
2107407;Olho d'Água das Cunhãs;33;33;100.0;11;22;0;2;31;2;6.06;81.82;100.0;3.03;66.67;15.15;0.0;3.03;12.12;0.0;84.85;69.7;72.73;81.82;39.39;30.3;69.7;3.03;0.0;9.09;28.0;96.43;26;4;6;142;49;21;34.51;14.79
2107456;Olinda Nova do Maranhão;27;27;100.0;8;19;0;2;25;2;7.41;100.0;100.0;0.0;37.04;22.22;0.0;18.52;0.0;22.22;92.59;25.93;37.04;51.85;44.44;7.41;44.44;7.41;0.0;44.44;25.0;56.0;59;14;0;138;66;15;47.83;10.87
2107506;Paço do Lumiar;79;79;100.0;8;71;0;8;71;8;10.13;98.73;100.0;31.65;97.47;48.1;8.86;12.66;25.32;30.38;92.41;22.78;50.63;81.01;68.35;30.38;78.48;8.86;1.27;12.66;73.0;87.67;77;46;5;658;464;204;70.52;31.0
2107605;Palmeirândia;53;53;100.0;9;44;0;3;50;3;5.66;100.0;100.0;0.0;22.64;5.66;0.0;3.77;9.43;7.55;94.34;13.21;5.66;90.57;15.09;0.0;49.06;0.0;0.0;43.4;50.0;96.0;29;24;2;190;49;0;25.79;0.0
2107704;Paraibano;27;27;100.0;15;12;0;2;25;2;7.41;100.0;100.0;44.44;55.56;22.22;7.41;11.11;18.52;22.22;92.59;14.81;85.19;88.89;29.63;7.41;33.33;3.7;0.0;55.56;25.0;96.0;61;39;0;162;49;28;30.25;17.28
2107803;Parnarama;49;49;100.0;13;36;0;3;46;3;6.12;61.22;100.0;8.16;28.57;26.53;4.08;14.29;12.24;16.33;95.92;42.86;75.51;95.92;59.18;0.0;91.84;2.04;0.0;6.12;47.0;100.0;22;54;1;279;52;82;18.64;29.39
2107902;Passagem Franca;30;30;100.0;16;14;0;2;28;2;6.67;100.0;100.0;0.0;53.33;33.33;3.33;6.67;3.33;0.0;93.33;3.33;53.33;80.0;33.33;30.0;76.67;0.0;0.0;16.67;28.0;85.71;25;12;0;179;59;41;32.96;22.91
2108009;Pastos Bons;31;31;100.0;13;18;0;4;27;7;22.58;100.0;100.0;0.0;58.06;35.48;0.0;12.9;19.35;3.23;96.77;61.29;67.74;90.32;51.61;19.35;96.77;3.23;0.0;3.23;30.0;93.33;28;34;0;213;82;48;38.5;22.54
2108058;Paulino Neves;48;48;100.0;9;39;0;5;43;5;10.42;62.5;100.0;0.0;39.58;6.25;0.0;10.42;2.08;8.33;87.5;62.5;77.08;83.33;20.83;14.58;33.33;0.0;0.0;54.17;42.0;95.24;76;41;4;232;38;14;16.38;6.03
2108108;Paulo Ramos;37;37;100.0;10;27;0;1;36;1;2.7;100.0;100.0;0.0;35.14;18.92;2.7;5.41;8.11;2.7;43.24;10.81;2.7;40.54;21.62;8.11;24.32;2.7;0.0;75.68;16.0;93.75;10;13;0;189;83;22;43.92;11.64
2108207;Pedreiras;33;33;100.0;21;12;1;3;29;3;9.09;100.0;100.0;45.45;100.0;27.27;9.09;6.06;15.15;27.27;100.0;45.45;78.79;90.91;42.42;36.36;51.52;3.03;0.0;36.36;33.0;90.91;84;20;5;206;171;54;83.01;26.21
2108256;Pedro do Rosário;83;83;100.0;7;76;0;5;78;5;6.02;92.77;100.0;10.84;12.05;4.82;0.0;0.0;6.02;2.41;80.72;8.43;30.12;72.29;6.02;13.25;36.14;0.0;0.0;59.04;67.0;89.55;26;5;0;271;87;19;32.1;7.01
2108306;Penalva;83;83;100.0;16;67;0;4;79;4;4.82;87.95;100.0;0.0;26.51;13.25;0.0;6.02;2.41;9.64;86.75;77.11;53.01;72.29;55.42;22.89;71.08;0.0;0.0;16.87;72.0;83.33;68;21;5;275;126;24;45.82;8.73
2108405;Peri Mirim;36;36;100.0;7;29;0;1;35;1;2.78;100.0;100.0;0.0;27.78;5.56;0.0;0.0;5.56;8.33;77.78;0.0;33.33;66.67;11.11;8.33;33.33;0.0;0.0;66.67;28.0;85.71;6;16;0;96;15;8;15.62;8.33
2108454;Peritoró;47;47;100.0;8;39;0;4;43;4;8.51;100.0;100.0;0.0;38.3;21.28;0.0;2.13;10.64;4.26;76.6;59.57;68.09;76.6;40.43;17.02;59.57;8.51;0.0;12.77;36.0;100.0;50;19;1;233;64;22;27.47;9.44
2108504;Pindaré-Mirim;62;62;100.0;33;29;0;8;54;8;12.9;53.23;100.0;14.52;54.84;19.35;3.23;8.06;8.06;16.13;100.0;19.35;33.87;93.55;17.74;16.13;29.03;4.84;1.61;69.35;62.0;93.55;67;26;73;295;176;31;59.66;10.51
2108603;Pinheiro;144;144;100.0;29;115;1;11;132;12;8.33;79.17;100.0;0.0;23.61;21.53;3.47;3.47;12.5;11.81;93.06;12.5;41.67;37.5;16.67;8.33;32.64;2.78;0.0;64.58;134.0;40.3;111;36;1;552;305;63;55.25;11.41
2108702;Pio XII;49;49;100.0;17;32;0;3;46;3;6.12;100.0;100.0;28.57;36.73;14.29;0.0;18.37;6.12;18.37;91.84;10.2;48.98;79.59;28.57;10.2;30.61;8.16;0.0;55.1;45.0;86.67;41;152;14;260;202;24;77.69;9.23
2108801;Pirapemas;48;48;100.0;14;34;0;2;46;2;4.17;100.0;100.0;0.0;29.17;2.08;0.0;4.17;0.0;0.0;87.5;4.17;66.67;77.08;22.92;0.0;70.83;0.0;0.0;29.17;42.0;88.1;31;3;0;148;46;10;31.08;6.76
2108900;Poção de Pedras;50;50;100.0;10;40;0;5;45;5;10.0;100.0;100.0;10.0;26.0;10.0;4.0;2.0;4.0;0.0;82.0;46.0;18.0;70.0;42.0;8.0;84.0;0.0;0.0;14.0;41.0;85.37;31;19;2;207;120;48;57.97;23.19
2109007;Porto Franco;38;38;100.0;22;16;1;2;35;2;5.26;73.68;100.0;5.26;60.53;18.42;5.26;2.63;26.32;23.68;100.0;10.53;97.37;86.84;68.42;42.11;76.32;2.63;2.63;2.63;38.0;86.84;68;25;1;232;189;201;81.47;86.64
2109056;Porto Rico do Maranhão;13;13;100.0;4;9;0;1;12;1;7.69;100.0;100.0;0.0;38.46;30.77;0.0;0.0;15.38;7.69;100.0;38.46;84.62;100.0;69.23;7.69;92.31;0.0;0.0;0.0;13.0;100.0;11;2;0;57;25;22;43.86;38.6
2109106;Presidente Dutra;39;39;100.0;20;19;1;6;32;7;17.95;87.18;100.0;15.38;92.31;53.85;10.26;25.64;48.72;35.9;97.44;25.64;38.46;66.67;58.97;12.82;61.54;5.13;0.0;30.77;38.0;68.42;187;61;14;287;221;112;77.0;39.02
2109205;Presidente Juscelino;28;28;100.0;6;22;0;3;25;3;10.71;96.43;100.0;0.0;28.57;10.71;0.0;0.0;7.14;3.57;100.0;14.29;67.86;96.43;50.0;57.14;32.14;0.0;0.0;3.57;28.0;96.43;1;1;1;133;39;19;29.32;14.29
2109239;Presidente Médici;19;19;100.0;4;15;0;1;18;1;5.26;78.95;100.0;0.0;21.05;21.05;0.0;5.26;5.26;5.26;68.42;26.32;15.79;36.84;5.26;10.53;10.53;0.0;0.0;36.84;13.0;53.85;6;5;0;86;12;0;13.95;0.0
2109270;Presidente Sarney;47;47;100.0;6;41;0;2;45;2;4.26;59.57;100.0;0.0;31.91;14.89;2.13;2.13;4.26;27.66;100.0;4.26;74.47;42.55;23.4;0.0;80.85;2.13;0.0;2.13;47.0;42.55;11;21;0;221;200;25;90.5;11.31
2109304;Presidente Vargas;47;47;100.0;10;37;0;2;45;2;4.26;68.09;100.0;2.13;23.4;4.26;2.13;4.26;8.51;2.13;38.3;4.26;25.53;12.77;14.89;2.13;17.02;2.13;0.0;78.72;18.0;33.33;17;3;0;149;35;23;23.49;15.44
2109403;Primeira Cruz;57;57;100.0;8;49;0;1;56;1;1.75;98.25;98.25;3.51;19.3;17.54;1.75;1.75;1.75;7.02;64.91;3.51;29.82;19.3;8.77;0.0;3.51;1.75;0.0;94.74;37.0;29.73;6;6;0;181;15;13;8.29;7.18
2109452;Raposa;27;27;100.0;17;10;0;2;25;2;7.41;100.0;100.0;7.41;96.3;55.56;3.7;3.7;14.81;18.52;100.0;18.52;92.59;100.0;66.67;11.11;70.37;7.41;3.7;0.0;27.0;100.0;39;22;0;225;134;108;59.56;48.0
2109502;Riachão;26;26;100.0;11;15;0;3;23;3;11.54;92.31;100.0;11.54;61.54;23.08;0.0;7.69;23.08;19.23;73.08;7.69;19.23;61.54;57.69;26.92;61.54;11.54;0.0;26.92;19.0;84.21;23;4;3;153;99;36;64.71;23.53
2109551;Ribamar Fiquene;18;18;100.0;5;13;0;1;17;1;5.56;100.0;100.0;0.0;38.89;16.67;0.0;5.56;0.0;11.11;100.0;50.0;66.67;94.44;22.22;22.22;27.78;0.0;0.0;66.67;18.0;94.44;13;2;0;69;61;25;88.41;36.23
2109601;Rosário;66;66;100.0;26;40;1;6;59;7;10.61;100.0;100.0;12.12;63.64;24.24;3.03;6.06;13.64;9.09;92.42;16.67;74.24;90.91;53.03;18.18;68.18;4.55;0.0;3.03;61.0;98.36;110;54;5;336;270;187;80.36;55.65
2109700;Sambaíba;10;10;100.0;5;5;0;1;9;1;10.0;100.0;80.0;0.0;60.0;60.0;0.0;20.0;30.0;50.0;80.0;10.0;80.0;50.0;40.0;10.0;60.0;0.0;0.0;0.0;8.0;62.5;16;17;0;51;30;35;58.82;68.63
2109759;Santa Filomena do Maranhão;21;21;100.0;5;16;0;1;20;1;4.76;38.1;100.0;4.76;23.81;4.76;0.0;0.0;0.0;4.76;95.24;66.67;90.48;66.67;28.57;4.76;85.71;4.76;0.0;9.52;20.0;70.0;17;3;0;66;15;27;22.73;40.91
2109809;Santa Helena;97;97;100.0;16;81;0;4;93;4;4.12;96.91;98.97;4.12;24.74;12.37;1.03;5.15;3.09;7.22;96.91;5.15;41.24;77.32;12.37;6.19;12.37;0.0;0.0;84.54;94.0;79.79;73;64;3;324;175;15;54.01;4.63
2109908;Santa Inês;75;75;100.0;45;30;1;10;64;10;13.33;100.0;100.0;5.33;66.67;66.67;8.0;8.0;32.0;38.67;94.67;12.0;86.67;93.33;32.0;37.33;65.33;4.0;0.0;34.67;71.0;98.59;176;19;13;592;214;137;36.15;23.14
2110005;Santa Luzia;142;142;100.0;25;117;0;9;133;9;6.34;91.55;100.0;0.0;33.8;9.15;1.41;2.82;3.52;4.93;83.8;35.21;40.85;68.31;23.24;11.97;41.55;2.82;1.41;52.11;119.0;81.51;79;102;104;573;245;141;42.76;24.61
2110039;Santa Luzia do Paruá;47;47;100.0;16;31;0;3;44;3;6.38;93.62;100.0;0.0;59.57;14.89;0.0;8.51;4.26;6.38;63.83;6.38;10.64;63.83;25.53;14.89;72.34;2.13;0.0;25.53;30.0;100.0;48;19;5;224;103;29;45.98;12.95
2110104;Santa Quitéria do Maranhão;75;75;100.0;21;54;0;2;73;2;2.67;98.67;100.0;1.33;29.33;21.33;0.0;1.33;2.67;9.33;96.0;12.0;57.33;94.67;12.0;1.33;64.0;1.33;0.0;30.67;72.0;98.61;2;4;1;308;98;27;31.82;8.77
2110203;Santa Rita;73;73;100.0;19;54;0;3;70;16;21.92;94.52;100.0;0.0;49.32;34.25;0.0;2.74;16.44;9.59;80.82;10.96;46.58;67.12;15.07;31.51;19.18;2.74;0.0;69.86;59.0;83.05;86;13;3;534;224;44;41.95;8.24
2110237;Santana do Maranhão;21;21;100.0;4;17;0;2;19;2;9.52;85.71;100.0;0.0;23.81;4.76;0.0;9.52;4.76;0.0;100.0;9.52;38.1;71.43;23.81;0.0;80.95;0.0;0.0;19.05;21.0;71.43;12;5;0;104;39;0;37.5;0.0
2110278;Santo Amaro do Maranhão;44;44;100.0;7;37;0;1;43;1;2.27;20.45;95.45;0.0;15.91;11.36;2.27;4.55;4.55;2.27;84.09;6.82;38.64;40.91;13.64;2.27;22.73;2.27;0.0;38.64;37.0;48.65;13;15;0;147;68;16;46.26;10.88
2110302;Santo Antônio dos Lopes;42;42;100.0;10;32;0;3;39;3;7.14;85.71;100.0;0.0;45.24;14.29;0.0;7.14;2.38;2.38;90.48;4.76;19.05;40.48;16.67;0.0;35.71;2.38;0.0;54.76;38.0;44.74;26;10;1;162;106;19;65.43;11.73
2110401;São Benedito do Rio Preto;53;53;100.0;15;38;0;1;52;1;1.89;100.0;100.0;5.66;24.53;11.32;0.0;11.32;3.77;1.89;81.13;5.66;69.81;22.64;16.98;3.77;33.96;0.0;0.0;64.15;43.0;27.91;29;3;30;182;63;18;34.62;9.89
2110500;São Bento;76;76;100.0;26;50;0;4;72;4;5.26;94.74;98.68;3.95;38.16;9.21;1.32;2.63;14.47;3.95;73.68;3.95;18.42;39.47;32.89;15.79;52.63;2.63;1.32;44.74;56.0;53.57;12;65;0;315;153;35;48.57;11.11
2110609;São Bernardo;50;50;100.0;15;35;0;5;45;5;10.0;96.0;100.0;6.0;36.0;16.0;0.0;4.0;28.0;22.0;92.0;8.0;30.0;84.0;20.0;8.0;46.0;4.0;0.0;52.0;46.0;91.3;24;14;0;288;91;35;31.6;12.15
2110658;São Domingos do Azeitão;13;13;100.0;7;6;0;1;12;1;7.69;100.0;100.0;0.0;84.62;53.85;7.69;7.69;7.69;38.46;100.0;7.69;7.69;76.92;69.23;0.0;69.23;0.0;0.0;15.38;13.0;76.92;31;15;0;85;82;54;96.47;63.53
2110708;São Domingos do Maranhão;54;54;100.0;21;33;0;3;51;3;5.56;100.0;100.0;0.0;38.89;37.04;0.0;5.56;9.26;9.26;100.0;29.63;50.0;85.19;33.33;7.41;53.7;3.7;1.85;25.93;54.0;85.19;56;27;3;291;64;80;21.99;27.49
2110807;São Félix de Balsas;14;14;100.0;3;11;0;2;12;2;14.29;14.29;100.0;0.0;21.43;21.43;0.0;28.57;7.14;0.0;64.29;21.43;14.29;64.29;7.14;0.0;7.14;0.0;0.0;85.71;9.0;100.0;30;4;3;43;18;9;41.86;20.93
2110856;São Francisco do Brejão;11;11;100.0;4;7;0;2;9;2;18.18;100.0;100.0;0.0;81.82;81.82;0.0;18.18;9.09;63.64;100.0;18.18;63.64;63.64;54.55;36.36;81.82;0.0;0.0;18.18;11.0;63.64;6;15;0;99;75;59;75.76;59.6
2110906;São Francisco do Maranhão;20;20;100.0;3;17;0;2;18;2;10.0;100.0;100.0;15.0;40.0;35.0;0.0;5.0;25.0;30.0;95.0;5.0;75.0;60.0;60.0;5.0;55.0;0.0;0.0;45.0;19.0;63.16;23;8;0;104;42;46;40.38;44.23
2111003;São João Batista;61;61;100.0;9;52;0;2;59;2;3.28;62.3;100.0;1.64;18.03;6.56;0.0;0.0;1.64;4.92;83.61;1.64;18.03;70.49;11.48;0.0;24.59;0.0;0.0;72.13;51.0;84.31;5;3;0;189;82;7;43.39;3.7
2111029;São João do Carú;34;34;100.0;7;27;0;3;31;3;8.82;100.0;100.0;0.0;26.47;14.71;0.0;2.94;8.82;5.88;76.47;5.88;26.47;76.47;17.65;2.94;20.59;0.0;0.0;76.47;26.0;100.0;16;1;0;135;40;6;29.63;4.44
2111052;São João do Paraíso;19;19;100.0;7;12;0;2;17;2;10.53;94.74;100.0;0.0;47.37;15.79;0.0;15.79;42.11;10.53;78.95;42.11;68.42;73.68;52.63;15.79;63.16;0.0;0.0;21.05;15.0;93.33;29;11;0;162;55;5;33.95;3.09
2111078;São João do Soter;59;59;100.0;7;52;0;2;57;2;3.39;93.22;100.0;3.39;13.56;16.95;0.0;10.17;8.47;22.03;94.92;8.47;30.51;93.22;22.03;16.95;55.93;0.0;0.0;38.98;56.0;98.21;18;37;22;191;63;68;32.98;35.6
2111102;São João dos Patos;31;31;100.0;17;14;1;2;28;3;9.68;100.0;100.0;9.68;58.06;25.81;9.68;9.68;25.81;6.45;96.77;9.68;70.97;93.55;67.74;38.71;80.65;3.23;0.0;6.45;30.0;96.67;192;3;0;182;112;51;61.54;28.02
2111201;São José de Ribamar;114;114;100.0;23;91;1;12;101;13;11.4;99.12;100.0;11.4;98.25;43.86;10.53;13.16;18.42;37.72;100.0;22.81;62.28;90.35;56.14;26.32;83.33;11.4;0.88;7.89;114.0;90.35;284;146;449;1211;622;462;51.36;38.15
2111250;São José dos Basílios;12;12;100.0;3;9;0;1;11;1;8.33;41.67;100.0;8.33;58.33;41.67;0.0;8.33;16.67;33.33;91.67;75.0;25.0;91.67;58.33;8.33;100.0;0.0;0.0;0.0;11.0;100.0;13;9;0;68;59;49;86.76;72.06
2111300;São Luís;329;328;99.7;247;82;4;119;206;106;32.22;100.0;100.0;67.48;98.78;67.17;19.76;27.66;39.21;56.84;99.39;56.53;56.23;96.35;73.25;50.15;72.95;18.54;1.82;6.69;327.0;96.94;1536;385;290;3365;2831;1554;84.13;46.18
2111409;São Luís Gonzaga do Maranhão;66;66;100.0;8;58;0;1;65;1;1.52;100.0;100.0;1.52;18.18;13.64;3.03;4.55;3.03;3.03;43.94;3.03;9.09;33.33;10.61;1.52;15.15;0.0;0.0;83.33;29.0;75.86;1;11;0;182;47;18;25.82;9.89
2111508;São Mateus do Maranhão;56;56;100.0;24;32;0;5;51;5;8.93;57.14;100.0;3.57;48.21;12.5;1.79;10.71;10.71;3.57;89.29;17.86;51.79;82.14;39.29;25.0;41.07;5.36;0.0;44.64;50.0;92.0;94;28;15;288;244;39;84.72;13.54
2111532;São Pedro da Água Branca;13;13;100.0;10;3;0;1;12;1;7.69;92.31;100.0;15.38;76.92;53.85;0.0;0.0;15.38;46.15;92.31;15.38;53.85;84.62;46.15;15.38;61.54;0.0;0.0;15.38;12.0;91.67;8;3;1;85;60;22;70.59;25.88
2111573;São Pedro dos Crentes;7;7;100.0;5;2;0;1;6;1;14.29;100.0;100.0;14.29;71.43;42.86;0.0;14.29;42.86;0.0;100.0;57.14;100.0;100.0;42.86;0.0;42.86;0.0;0.0;14.29;7.0;100.0;11;2;0;60;46;0;76.67;0.0
2111607;São Raimundo das Mangabeiras;25;25;100.0;13;12;1;1;23;2;8.0;100.0;100.0;4.0;68.0;56.0;8.0;8.0;12.0;28.0;96.0;8.0;56.0;88.0;68.0;16.0;80.0;4.0;0.0;16.0;24.0;91.67;120;4;10;158;61;60;38.61;37.97
2111631;São Raimundo do Doca Bezerra;16;16;100.0;5;11;0;3;13;3;18.75;93.75;100.0;12.5;43.75;25.0;0.0;0.0;0.0;6.25;100.0;12.5;75.0;100.0;6.25;0.0;25.0;0.0;0.0;75.0;16.0;100.0;3;6;1;62;29;2;46.77;3.23
2111672;São Roberto;16;16;100.0;5;11;0;1;15;1;6.25;12.5;100.0;12.5;43.75;25.0;0.0;6.25;0.0;0.0;75.0;6.25;12.5;75.0;6.25;0.0;18.75;0.0;0.0;81.25;12.0;100.0;6;1;0;83;32;6;38.55;7.23
2111706;São Vicente Ferrer;49;49;100.0;9;40;0;4;45;4;8.16;100.0;100.0;0.0;24.49;8.16;2.04;4.08;2.04;2.04;51.02;4.08;26.53;24.49;16.33;6.12;28.57;4.08;0.0;71.43;25.0;48.0;19;8;13;206;55;39;26.7;18.93
2111722;Satubinha;31;31;100.0;4;27;0;1;30;1;3.23;83.87;100.0;0.0;12.9;6.45;0.0;3.23;6.45;6.45;96.77;9.68;38.71;93.55;35.48;6.45;25.81;0.0;0.0;70.97;30.0;96.67;12;9;0;99;86;16;86.87;16.16
2111748;Senador Alexandre Costa;26;26;100.0;11;15;0;1;25;1;3.85;100.0;100.0;7.69;53.85;30.77;0.0;0.0;11.54;69.23;57.69;3.85;7.69;26.92;23.08;0.0;76.92;3.85;0.0;23.08;15.0;46.67;9;1;0;110;82;19;74.55;17.27
2111763;Senador La Rocque;21;21;100.0;10;11;0;2;19;2;9.52;100.0;100.0;4.76;85.71;19.05;0.0;9.52;4.76;4.76;100.0;14.29;61.9;95.24;47.62;23.81;61.9;4.76;0.0;38.1;21.0;95.24;34;7;3;103;35;22;33.98;21.36
2111789;Serrano do Maranhão;29;29;100.0;6;23;0;2;27;2;6.9;86.21;96.55;0.0;20.69;24.14;0.0;17.24;3.45;20.69;86.21;17.24;75.86;79.31;68.97;34.48;89.66;10.34;3.45;6.9;25.0;92.0;31;9;5;179;131;69;73.18;38.55
2111805;Sítio Novo;29;29;100.0;6;23;0;3;26;2;6.9;96.55;100.0;3.45;34.48;20.69;0.0;13.79;13.79;24.14;96.55;17.24;65.52;27.59;27.59;17.24;37.93;3.45;0.0;55.17;28.0;28.57;26;10;2;170;28;43;16.47;25.29
2111904;Sucupira do Norte;21;21;100.0;7;14;0;2;19;2;9.52;100.0;100.0;0.0;38.1;28.57;0.0;28.57;4.76;33.33;100.0;33.33;100.0;90.48;19.05;4.76;28.57;0.0;0.0;71.43;21.0;90.48;46;27;0;97;56;0;57.73;0.0
2111953;Sucupira do Riachão;12;12;100.0;5;7;0;1;11;1;8.33;100.0;100.0;0.0;25.0;16.67;0.0;8.33;0.0;0.0;100.0;8.33;91.67;91.67;41.67;8.33;33.33;0.0;0.0;33.33;12.0;91.67;1;3;0;54;0;5;0.0;9.26
2112001;Tasso Fragoso;13;13;100.0;5;8;0;1;12;1;7.69;100.0;100.0;38.46;61.54;23.08;0.0;0.0;7.69;15.38;76.92;7.69;46.15;38.46;38.46;15.38;69.23;0.0;0.0;23.08;10.0;50.0;8;4;0;104;35;6;33.65;5.77
2112100;Timbiras;46;46;100.0;20;26;0;2;44;2;4.35;100.0;100.0;0.0;43.48;13.04;0.0;6.52;8.7;6.52;93.48;8.7;34.78;93.48;15.22;2.17;43.48;0.0;0.0;56.52;43.0;100.0;33;29;3;179;100;24;55.87;13.41
2112209;Timon;103;103;100.0;87;16;1;14;88;15;14.56;99.03;100.0;57.28;88.35;66.99;8.74;11.65;31.07;40.78;98.06;26.21;76.7;96.12;82.52;24.27;85.44;12.62;0.97;6.8;101.0;98.02;255;98;321;928;850;347;91.59;37.39
2112233;Trizidela do Vale;21;21;100.0;13;8;0;1;20;1;4.76;100.0;100.0;23.81;80.95;28.57;0.0;9.52;4.76;23.81;100.0;57.14;80.95;100.0;42.86;14.29;23.81;9.52;0.0;61.9;21.0;100.0;27;13;0;148;144;63;97.3;42.57
2112274;Tufilândia;17;17;100.0;5;12;0;2;15;2;11.76;100.0;100.0;0.0;29.41;5.88;0.0;5.88;0.0;5.88;100.0;17.65;82.35;100.0;5.88;5.88;29.41;0.0;0.0;70.59;17.0;100.0;2;18;0;70;39;0;55.71;0.0
2112308;Tuntum;56;56;100.0;17;39;0;7;49;7;12.5;98.21;100.0;5.36;57.14;32.14;3.57;7.14;16.07;26.79;87.5;14.29;48.21;64.29;55.36;32.14;58.93;7.14;0.0;26.79;49.0;73.47;82;36;7;313;211;108;67.41;34.5
2112407;Turiaçu;100;100;100.0;12;88;0;6;94;46;46.0;89.0;98.0;0.0;22.0;7.0;0.0;0.0;5.0;13.0;94.0;2.0;8.0;91.0;31.0;18.0;50.0;6.0;0.0;31.0;94.0;96.81;3;55;1;392;116;34;29.59;8.67
2112456;Turilândia;59;59;100.0;10;49;0;2;57;2;3.39;100.0;100.0;0.0;37.29;16.95;0.0;1.69;1.69;5.08;93.22;30.51;93.22;11.86;18.64;5.08;35.59;0.0;0.0;59.32;55.0;12.73;17;44;0;236;47;24;19.92;10.17
2112506;Tutóia;77;77;100.0;14;63;0;5;72;5;6.49;97.4;100.0;0.0;75.32;46.75;5.19;18.18;15.58;40.26;100.0;29.87;54.55;93.51;55.84;27.27;41.56;0.0;0.0;38.96;77.0;93.51;144;69;53;516;343;100;66.47;19.38
2112605;Urbano Santos;69;69;100.0;20;49;0;4;65;4;5.8;100.0;100.0;2.9;27.54;17.39;0.0;4.35;8.7;5.8;57.97;5.8;18.84;39.13;27.54;7.25;52.17;1.45;0.0;40.58;40.0;67.5;51;7;1;289;47;34;16.26;11.76
2112704;Vargem Grande;79;79;100.0;30;49;0;7;72;8;10.13;93.67;100.0;21.52;37.97;26.58;2.53;8.86;15.19;25.32;70.89;10.13;26.58;49.37;31.65;5.06;53.16;5.06;0.0;41.77;56.0;69.64;203;94;2;883;461;63;52.21;7.13
2112803;Viana;93;93;100.0;21;72;1;4;88;5;5.38;90.32;98.92;0.0;34.41;16.13;5.38;5.38;7.53;27.96;96.77;25.81;76.34;93.55;18.28;18.28;39.78;2.15;0.0;38.71;90.0;96.67;123;35;290;408;240;58;58.82;14.22
2112852;Vila Nova dos Martírios;12;12;100.0;7;5;0;2;10;2;16.67;91.67;100.0;0.0;100.0;25.0;8.33;8.33;25.0;25.0;100.0;25.0;83.33;100.0;50.0;25.0;83.33;8.33;0.0;16.67;12.0;100.0;10;4;0;94;79;68;84.04;72.34
2112902;Vitória do Mearim;56;56;100.0;14;42;0;5;51;5;8.93;100.0;100.0;0.0;41.07;14.29;3.57;3.57;14.29;1.79;92.86;5.36;10.71;91.07;48.21;0.0;66.07;1.79;0.0;32.14;52.0;98.08;24;29;0;215;78;1;36.28;0.47
2113009;Vitorino Freire;51;51;100.0;19;32;0;2;49;2;3.92;98.04;100.0;1.96;64.71;15.69;3.92;19.61;11.76;15.69;88.24;39.22;76.47;88.24;19.61;1.96;60.78;1.96;0.0;35.29;45.0;100.0;146;11;49;238;141;113;59.24;47.48
2114007;Zé Doca;83;83;100.0;26;57;1;5;77;6;7.23;98.8;100.0;1.2;44.58;14.46;2.41;14.46;9.64;16.87;69.88;10.84;26.51;68.67;51.81;15.66;66.27;7.23;0.0;2.41;58.0;98.28;89;93;4;410;301;332;73.41;80.98
